City_ID,City,Country,Date,Lat,Lng,Max Temp,Humidity,Cloudiness,Wind Speed
0,Bluff,NZ,2021-10-22 17:16:05,-46.6,168.3333,48.0,82,96,3.67
1,Saint-Paul,RE,2021-10-22 17:16:06,-21.0096,55.2707,77.11,94,11,1.01
2,Jequitinhonha,BR,2021-10-22 17:16:06,-16.4339,-41.0033,80.82,67,98,1.9
3,Punta Arenas,CL,2021-10-22 17:16:07,-53.15,-70.9167,50.11,53,75,47.18
4,Kirakira,SB,2021-10-22 17:16:07,-10.4544,161.9205,78.31,78,82,7.58
5,Atuona,PF,2021-10-22 17:16:08,-9.8,-139.0333,77.54,79,28,21.16
6,Kodiak,US,2021-10-22 17:16:08,57.79,-152.4072,42.31,61,90,17.27
7,Ternate,ID,2021-10-22 17:16:08,0.8,127.4,80.71,79,99,3.89
8,Busselton,AU,2021-10-22 17:16:09,-33.65,115.3333,49.08,73,7,7.78
9,Vestmannaeyjar,IS,2021-10-22 17:16:09,63.4427,-20.2734,43.79,93,90,29.93
10,New Norfolk,AU,2021-10-22 17:16:10,-42.7826,147.0587,57.76,82,100,0.76
11,Georgetown,MY,2021-10-22 17:15:10,5.4112,100.3354,80.89,89,40,2.3
12,Tomari,RU,2021-10-22 17:16:11,47.7658,142.0683,35.58,71,12,2.95
13,Tasiilaq,GL,2021-10-22 17:16:11,65.6145,-37.6368,35.76,81,100,13.73
14,Kununurra,AU,2021-10-22 17:16:12,-15.7667,128.7333,80.58,89,40,8.05
15,Bredasdorp,ZA,2021-10-22 17:16:12,-34.5322,20.0403,63.28,55,100,14.34
16,Ayagoz,KZ,2021-10-22 17:16:12,47.9714,80.4392,34.34,51,92,9.28
17,Qasigiannguit,GL,2021-10-22 17:16:13,68.8193,-51.1922,23.25,81,0,2.44
18,Dikson,RU,2021-10-22 17:16:13,73.5069,80.5464,17.62,81,100,14.0
19,Chokurdakh,RU,2021-10-22 17:16:14,70.6333,147.9167,-15.0,100,96,2.42
20,Sibu,MY,2021-10-22 17:16:14,2.3,111.8167,75.51,94,40,1.14
21,Rikitea,PF,2021-10-22 17:16:15,-23.1203,-134.9692,73.92,82,100,24.14
22,Paracuru,BR,2021-10-22 17:16:15,-3.41,-39.0306,87.82,55,69,14.74
23,Shaoyang,CN,2021-10-22 17:16:16,27.2315,111.4525,49.93,88,94,2.55
24,Vaini,TO,2021-10-22 17:16:16,-21.2,-175.2,69.96,88,40,11.5
25,Hobyo,SO,2021-10-22 17:16:17,5.3505,48.5268,80.19,78,45,14.25
26,Doka,SD,2021-10-22 17:16:17,13.5167,35.7667,83.19,37,97,5.08
27,Cabo San Lucas,MX,2021-10-22 17:11:20,22.8909,-109.9124,86.5,70,1,0.0
28,Maglaj,BA,2021-10-22 17:16:18,44.5492,18.0967,54.32,96,100,2.3
29,Padang,ID,2021-10-22 17:16:18,-0.9492,100.3543,77.95,88,100,4.32
30,Asau,RO,2021-10-22 17:16:19,46.4333,26.4,60.28,62,100,5.03
31,Guanica,PR,2021-10-22 17:16:19,17.9716,-66.908,90.91,63,43,11.01
32,Cap Malheureux,MU,2021-10-22 17:16:20,-19.9842,57.6142,75.69,79,91,1.99
33,Muisne,EC,2021-10-22 17:16:20,0.6,-80.0333,84.31,85,99,10.71
34,Tuktoyaktuk,CA,2021-10-22 17:16:21,69.4541,-133.0374,24.8,93,90,5.75
35,Carnarvon,AU,2021-10-22 17:16:21,-24.8667,113.6333,68.07,77,0,13.8
36,Hobart,AU,2021-10-22 17:16:22,-42.8794,147.3294,58.12,92,90,16.11
37,Portland,US,2021-10-22 17:16:22,45.5234,-122.6762,54.84,93,90,1.01
38,Mahebourg,MU,2021-10-22 17:16:23,-20.4081,57.7,75.49,78,75,8.05
39,Khuzdar,PK,2021-10-22 17:16:23,27.7384,66.6434,67.03,22,0,9.66
40,Saldanha,ZA,2021-10-22 17:16:24,-33.0117,17.9442,60.75,78,100,22.55
41,Leningradskiy,RU,2021-10-22 17:16:24,69.3833,178.4167,2.59,88,94,8.01
42,Harlingen,US,2021-10-22 17:15:41,26.1906,-97.6961,89.51,80,40,6.91
43,Hermanus,ZA,2021-10-22 17:16:25,-34.4187,19.2345,63.81,75,98,25.19
44,Flin Flon,CA,2021-10-22 17:16:25,54.7682,-101.865,30.04,86,90,5.75
45,Tiksi,RU,2021-10-22 17:16:26,71.6872,128.8694,3.24,94,100,1.54
46,Mataura,NZ,2021-10-22 17:16:26,-46.1927,168.8643,43.61,95,99,2.06
47,Singapore,SG,2021-10-22 17:16:20,1.2897,103.8501,78.75,88,75,3.44
48,Pevek,RU,2021-10-22 17:16:27,69.7008,170.3133,13.32,92,100,8.84
49,Caravelas,BR,2021-10-22 17:16:27,-17.7125,-39.2481,74.39,87,100,7.74
50,Vanimo,PG,2021-10-22 17:16:28,-2.6741,141.3028,76.17,86,100,3.58
51,Los Llanos De Aridane,ES,2021-10-22 17:16:28,28.6585,-17.9182,69.55,70,40,10.0
52,Namatanai,PG,2021-10-22 17:16:29,-3.6667,152.4333,77.74,80,99,4.29
53,Hilo,US,2021-10-22 17:16:29,19.7297,-155.09,76.28,82,1,8.05
54,Ushuaia,AR,2021-10-22 17:16:29,-54.8,-68.3,49.66,50,75,20.71
55,Cape Town,ZA,2021-10-22 17:14:59,-33.9258,18.4232,60.12,81,100,5.99
56,Krasnaya Polyana,RU,2021-10-22 17:16:31,56.242,51.1442,50.95,79,100,14.0
57,Saint Anthony,US,2021-10-22 17:16:31,45.0205,-93.218,47.89,64,1,1.01
58,Jamestown,US,2021-10-22 17:16:32,42.097,-79.2353,49.32,78,90,5.01
59,Nemuro,JP,2021-10-22 17:16:32,43.3236,145.575,48.22,81,97,9.8
60,Pimentel,PE,2021-10-22 17:16:32,-6.8367,-79.9342,71.89,64,0,11.5
61,Witu,KE,2021-10-22 17:16:33,-2.3889,40.4382,78.96,75,37,10.25
62,Kapaa,US,2021-10-22 17:16:34,22.0752,-159.319,75.52,93,40,11.5
63,Souillac,MU,2021-10-22 17:16:34,-20.5167,57.5167,75.58,78,75,8.05
64,Avarua,CK,2021-10-22 17:16:34,-21.2078,-159.775,71.65,60,20,5.75
65,Cherskiy,RU,2021-10-22 17:16:35,68.75,161.3,-8.45,100,100,2.42
66,Salalah,OM,2021-10-22 17:16:35,17.0151,54.0924,78.89,73,0,1.14
67,Saskylakh,RU,2021-10-22 17:16:36,71.9167,114.0833,-1.66,99,100,2.62
68,Trairi,BR,2021-10-22 17:15:48,-3.2778,-39.2689,88.54,55,93,14.58
69,Hamilton,US,2021-10-22 17:15:41,39.1834,-84.5333,54.23,90,90,1.99
70,Olinda,BR,2021-10-22 17:16:37,-8.0089,-34.8553,85.73,62,40,8.05
71,Vardo,NO,2021-10-22 17:16:38,70.3705,31.1107,33.78,75,40,19.57
72,Baghdad,IQ,2021-10-22 17:14:34,33.3406,44.4009,71.51,26,0,3.44
73,Thompson,CA,2021-10-22 17:16:38,55.7435,-97.8558,32.16,86,90,6.91
74,Ponta Do Sol,PT,2021-10-22 17:16:39,32.6667,-17.1,73.71,70,88,5.88
75,Port Elizabeth,ZA,2021-10-22 17:16:39,-33.918,25.5701,63.1,72,0,5.75
76,Albany,US,2021-10-22 17:15:07,42.6001,-73.9662,62.1,63,99,1.99
77,Svetlogorsk,BY,2021-10-22 17:16:40,52.6333,29.7333,46.56,57,25,11.52
78,Rincon,US,2021-10-22 17:16:40,32.296,-81.2354,82.9,63,75,1.01
79,Caidian,CN,2021-10-22 17:16:41,30.5833,114.0333,60.94,56,99,4.34
80,Broome,US,2021-10-22 17:16:41,42.2506,-75.833,54.18,74,90,1.99
81,Henties Bay,NA,2021-10-22 17:16:42,-22.116,14.2845,61.86,78,4,8.37
82,Ribeira Grande,PT,2021-10-22 17:16:42,38.5167,-28.7,72.0,73,20,8.05
83,Yago,MX,2021-10-22 17:16:43,21.8333,-105.0667,94.53,65,80,1.34
84,Buala,SB,2021-10-22 17:16:43,-8.145,159.5921,79.65,81,98,6.11
85,Muros,ES,2021-10-22 17:16:43,42.7762,-9.0603,64.09,66,0,13.65
86,Touros,BR,2021-10-22 17:16:44,-5.1989,-35.4608,88.7,62,61,13.13
87,Lagoa,PT,2021-10-22 17:16:44,39.05,-27.9833,68.58,75,86,13.6
88,Manokwari,ID,2021-10-22 17:16:45,-0.8667,134.0833,77.95,80,26,7.7
89,Haifa,IL,2021-10-22 17:14:34,32.8156,34.9892,72.21,73,0,16.35
90,Tyrma,RU,2021-10-22 17:16:46,50.0833,132.1667,22.6,97,22,1.86
91,Yellowknife,CA,2021-10-22 17:15:12,62.456,-114.3525,40.41,77,20,21.85
92,Arraial Do Cabo,BR,2021-10-22 17:12:11,-22.9661,-42.0278,69.53,67,6,8.72
93,Ponta Delgada,PT,2021-10-22 17:16:46,37.7333,-25.6667,72.32,68,40,10.36
94,Lamar,US,2021-10-22 17:16:34,33.6668,-95.5836,75.63,38,1,11.5
95,Richards Bay,ZA,2021-10-22 17:16:47,-28.783,32.0377,74.53,67,75,14.23
96,Luderitz,NA,2021-10-22 17:16:48,-26.6481,15.1594,58.91,81,0,8.37
97,Lima,PE,2021-10-22 17:12:09,-12.0432,-77.0282,65.39,50,20,3.0
98,Maniitsoq,GL,2021-10-22 17:16:48,65.4167,-52.9,31.15,49,0,11.63
99,San Quintin,MX,2021-10-22 17:16:49,30.4833,-115.95,67.87,71,1,10.71
100,Amazar,RU,2021-10-22 17:16:50,53.858,120.875,31.6,81,93,2.95
101,Stabat,ID,2021-10-22 17:16:50,3.761,98.4513,77.2,96,100,3.24
102,Nikolskoye,RU,2021-10-22 17:16:50,59.7035,30.7861,47.88,64,100,18.59
103,Araouane,ML,2021-10-22 17:16:51,18.9048,-3.5265,91.42,15,2,4.85
104,Ancud,CL,2021-10-22 17:16:51,-41.8697,-73.8203,57.42,57,23,11.48
105,Hithadhoo,MV,2021-10-22 17:16:52,-0.6,73.0833,81.37,75,23,7.54
106,Sarkand,KZ,2021-10-22 17:16:52,45.41,79.9186,36.16,79,100,2.73
107,Guangyuan,CN,2021-10-22 17:16:52,32.442,105.823,55.33,90,100,2.98
108,Butaritari,KI,2021-10-22 17:16:53,3.0707,172.7902,81.81,79,26,16.93
109,Quimper,FR,2021-10-22 17:13:33,48.0,-4.1,56.08,66,0,6.91
110,Manado,ID,2021-10-22 17:16:54,1.487,124.8455,77.77,94,40,1.14
111,Korla,CN,2021-10-22 17:16:54,41.7597,86.1469,59.4,22,95,14.72
112,Longyearbyen,SJ,2021-10-22 17:16:55,78.2186,15.6401,19.24,73,75,3.44
113,Berlevag,NO,2021-10-22 17:16:55,70.8578,29.0864,33.75,60,75,20.71
114,Castro,BR,2021-10-22 17:16:55,-24.7911,-50.0119,73.8,41,0,1.01
115,Vadso,NO,2021-10-22 17:16:56,70.0744,29.7487,33.75,80,40,14.97
116,Sabya,SA,2021-10-22 17:16:57,17.1495,42.6254,89.22,61,11,5.66
117,Saint-Francois,FR,2021-10-22 17:16:57,46.4154,3.9054,47.64,75,0,4.61
118,Jalu,LY,2021-10-22 17:16:58,29.0331,21.5482,77.36,31,0,8.32
119,Hasaki,JP,2021-10-22 17:16:58,35.7333,140.8333,50.4,71,100,19.71
120,Airai,TL,2021-10-22 17:16:59,-8.9266,125.4092,62.74,78,86,2.42
121,Talnakh,RU,2021-10-22 17:16:59,69.4865,88.3972,10.99,96,91,4.14
122,Severo-Kurilsk,RU,2021-10-22 17:17:00,50.6789,156.125,37.26,75,54,10.2
123,Coihaique,CL,2021-10-22 17:17:00,-45.5752,-72.0662,54.21,37,75,8.05
124,Debre Sina,ET,2021-10-22 17:17:01,9.85,39.7667,52.09,53,84,4.25
125,Torbay,CA,2021-10-22 17:17:01,47.6666,-52.7314,55.89,65,40,17.27
126,Cidreira,BR,2021-10-22 17:17:02,-30.1811,-50.2056,71.42,63,0,8.99
127,Tarpon Springs,US,2021-10-22 17:17:02,28.1461,-82.7568,88.21,60,1,1.99
128,Esperance,AU,2021-10-22 17:17:02,-33.8667,121.9,49.84,72,52,6.02
129,Presidencia Roque Saenz Pena,AR,2021-10-22 17:17:03,-26.7852,-60.4388,92.23,24,71,9.15
130,Tutoia,BR,2021-10-22 17:17:04,-2.7619,-42.2744,91.38,68,100,10.8
131,Bathsheba,BB,2021-10-22 17:17:04,13.2167,-59.5167,86.61,66,40,26.46
132,Cururupu,BR,2021-10-22 17:17:05,-1.8283,-44.8683,91.33,46,99,7.43
133,Mattawa,US,2021-10-22 17:17:05,46.7379,-119.9028,55.02,92,100,21.0
134,Khandyga,RU,2021-10-22 17:17:06,62.6667,135.6,9.43,99,98,2.73
135,Qaanaaq,GL,2021-10-22 17:17:06,77.484,-69.3632,-1.23,67,0,8.61
136,Yuyao,CN,2021-10-22 17:17:07,30.05,121.1494,59.77,72,100,2.8
137,Gorodovikovsk,RU,2021-10-22 17:17:07,46.0878,41.9335,57.27,49,0,9.33
138,Upernavik,GL,2021-10-22 17:17:08,72.7868,-56.1549,16.92,93,100,11.88
139,Yumen,CN,2021-10-22 17:17:09,40.2833,97.2,43.07,32,3,9.55
140,Kadrina,EE,2021-10-22 17:17:09,59.3347,26.145,41.65,67,100,17.27
141,Osypenko,UA,2021-10-22 17:17:09,46.9136,36.8253,53.83,77,27,8.93
142,Kruisfontein,ZA,2021-10-22 17:17:10,-34.0033,24.7314,60.89,83,36,4.81
143,Mumford,GH,2021-10-22 17:17:10,5.2618,-0.759,79.84,81,83,14.36
144,Homer,US,2021-10-22 17:14:38,59.6425,-151.5483,39.04,87,1,3.44
145,Mount Isa,AU,2021-10-22 17:17:11,-20.7333,139.5,83.97,42,90,12.66
146,Waddan,LY,2021-10-22 17:17:11,29.1614,16.139,82.0,23,100,8.34
147,Panaba,MX,2021-10-22 17:17:12,21.2833,-88.2667,79.74,86,93,4.52
148,Bambanglipuro,ID,2021-10-22 17:17:12,-7.95,110.2833,62.6,89,100,5.48
149,Ostrovnoy,RU,2021-10-22 17:17:13,68.0531,39.5131,34.36,63,100,24.11
150,Chernyshevskiy,RU,2021-10-22 17:17:13,63.0128,112.4714,30.92,88,92,8.7
151,Lethem,GY,2021-10-22 17:17:14,3.3803,-59.7968,86.76,59,99,0.58
152,Dangriga,BZ,2021-10-22 17:17:14,16.9692,-88.2321,78.98,81,100,4.45
153,Provideniya,RU,2021-10-22 17:17:14,64.3833,-173.3,24.58,67,100,11.88
154,Lorengau,PG,2021-10-22 17:17:15,-2.0226,147.2712,80.08,81,96,9.89
155,Klaksvik,FO,2021-10-22 17:17:15,62.2266,-6.589,38.32,56,73,5.93
156,Leh,IN,2021-10-22 17:17:16,34.1667,77.5833,39.42,39,82,7.16
157,Pitimbu,BR,2021-10-22 17:17:16,-7.4706,-34.8086,88.39,65,99,10.45
158,Khatanga,RU,2021-10-22 17:17:17,71.9667,102.5,-1.46,99,69,5.23
159,Pedernales,DO,2021-10-22 17:17:17,18.0384,-71.744,88.23,59,50,10.13
160,Norman Wells,CA,2021-10-22 17:17:18,65.282,-126.8329,41.04,70,75,16.11
161,Monrovia,LR,2021-10-22 17:16:07,6.3005,-10.7969,80.37,85,95,10.13
162,Clyde River,CA,2021-10-22 17:17:18,70.4692,-68.5914,28.63,74,75,8.05
163,Kysyl-Syr,RU,2021-10-22 17:17:19,63.8986,122.7617,26.01,98,100,2.39
164,Port Alfred,ZA,2021-10-22 17:17:19,-33.5906,26.891,62.58,86,49,4.9
165,Petropavlovsk-Kamchatskiy,RU,2021-10-22 17:17:20,53.0452,158.6483,21.79,80,20,4.47
166,Praia,CV,2021-10-22 17:17:20,14.9215,-23.5087,88.34,51,0,17.27
167,Tommot,RU,2021-10-22 17:17:21,58.9564,126.2925,36.54,88,100,10.11
168,La Ronge,CA,2021-10-22 17:17:21,55.1001,-105.2842,34.05,75,75,9.22
169,Paita,PE,2021-10-22 17:17:22,-5.0892,-81.1144,77.56,72,50,12.33
170,Victor Harbor,AU,2021-10-22 17:17:22,-35.5667,138.6167,57.29,92,17,8.61
171,Dauphin,CA,2021-10-22 17:17:22,51.1494,-100.0502,35.74,89,90,3.44
172,Turbat,PK,2021-10-22 17:17:23,26.0023,63.044,79.74,18,0,6.76
173,Terrace,CA,2021-10-22 17:17:23,54.5163,-128.6035,48.11,93,90,12.66
174,Cap-Chat,CA,2021-10-22 17:17:24,49.1001,-66.6821,59.0,72,100,2.3
175,Ozark,US,2021-10-22 17:17:24,37.0209,-93.206,66.33,55,9,1.01
176,Yulara,AU,2021-10-22 17:17:25,-25.2406,130.9889,75.04,29,0,17.27
177,Catamarca,AR,2021-10-22 17:17:25,-28.4696,-65.7852,92.77,29,2,1.99
178,Manicore,BR,2021-10-22 17:17:26,-5.8092,-61.3003,93.83,44,93,3.31
179,Valandovo,MK,2021-10-22 17:17:26,41.3169,22.5611,61.72,69,17,2.46
180,Bambous Virieux,MU,2021-10-22 17:17:26,-20.3428,57.7575,75.45,78,75,8.05
181,Ploemeur,FR,2021-10-22 17:17:27,47.7333,-3.4333,56.82,67,20,3.44
182,Barrow,US,2021-10-22 17:17:27,71.2906,-156.7887,28.42,86,90,0.0
183,Saint-Philippe,RE,2021-10-22 17:17:28,-21.3585,55.7679,76.59,82,79,7.36
184,Breves,BR,2021-10-22 17:17:28,-1.6822,-50.4803,90.1,53,94,2.24
185,Oktyabrskiy,RU,2021-10-22 17:17:29,54.4815,53.471,50.65,73,100,18.97
186,Tessalit,ML,2021-10-22 17:17:29,20.1986,1.0114,94.77,16,3,9.86
187,Wajima,JP,2021-10-22 17:17:29,37.4,136.9,56.01,58,100,20.11
188,Teya,RU,2021-10-22 17:17:30,60.3778,92.6267,38.26,75,100,13.15
189,Meadville,US,2021-10-22 17:16:11,41.6414,-80.1515,52.86,91,90,6.91
190,Elko,US,2021-10-22 17:17:31,41.0002,-115.5012,55.42,43,64,5.01
191,Bethel,US,2021-10-22 17:17:31,41.3712,-73.414,70.63,62,20,1.01
192,Tarnogskiy Gorodok,RU,2021-10-22 17:17:32,60.4997,43.5761,43.86,75,69,10.65
193,Burns Lake,CA,2021-10-22 17:17:34,54.2331,-125.7533,47.62,85,58,4.07
194,Iqaluit,CA,2021-10-22 17:17:35,63.7506,-68.5145,26.33,86,75,18.01
195,Omsukchan,RU,2021-10-22 17:17:36,62.5333,155.8,-10.44,86,84,1.61
196,Porto Novo,BJ,2021-10-22 17:17:37,6.4965,2.6036,81.32,75,91,6.76
197,Gamba,GA,2021-10-22 17:17:38,-2.65,10.0,77.27,85,93,8.39
198,Bogorodskoye,RU,2021-10-22 17:17:39,56.55,37.8833,43.07,66,43,16.93
199,Karpathos,GR,2021-10-22 17:17:41,35.507,27.2132,67.96,60,20,3.44
200,Selikhino,RU,2021-10-22 17:17:41,50.3672,137.4996,28.85,87,30,7.9
201,Waingapu,ID,2021-10-22 17:17:42,-9.6567,120.2641,79.47,82,77,4.21
202,Gornopravdinsk,RU,2021-10-22 17:17:42,60.05,69.9,33.96,96,100,9.64
203,Sao Joao Da Barra,BR,2021-10-22 17:17:43,-21.6403,-41.0511,77.09,74,56,8.81
204,Brazzaville,CG,2021-10-22 17:17:43,-4.2658,15.2832,79.11,83,98,1.95
205,Sao Filipe,CV,2021-10-22 17:17:44,14.8961,-24.4956,83.77,58,1,8.97
206,Hofn,IS,2021-10-22 17:17:44,64.2539,-15.2082,35.62,93,90,10.36
207,Acapulco,MX,2021-10-22 17:17:45,16.8634,-99.8901,82.22,78,90,3.44
208,Lyantonde,UG,2021-10-22 17:17:45,-0.4031,31.1572,66.4,83,97,2.17
209,Mitchell,US,2021-10-22 17:17:46,43.7094,-98.0298,47.1,75,1,5.99
210,Menongue,AO,2021-10-22 17:17:46,-14.6585,17.691,79.0,38,82,3.96
211,Jumla,NP,2021-10-22 17:15:05,29.2747,82.1838,52.23,89,62,2.75
212,Sitka,US,2021-10-22 17:15:15,57.0531,-135.33,51.69,66,90,20.71
213,Norsup,VU,2021-10-22 17:17:47,-16.0667,167.3833,77.58,88,39,4.25
214,Narsaq,GL,2021-10-22 17:17:48,60.9167,-46.05,35.82,86,100,4.83
215,Chiredzi,ZW,2021-10-22 17:17:48,-21.05,31.6667,85.44,30,67,6.93
216,Shellbrook,CA,2021-10-22 17:17:48,53.2168,-106.4011,31.23,52,4,12.97
217,Agadir,MA,2021-10-22 17:17:44,30.4202,-9.5982,73.85,62,7,4.81
218,Vieques,PR,2021-10-22 17:17:49,18.425,-65.8329,87.85,59,66,16.37
219,Chipiona,ES,2021-10-22 17:17:50,36.7366,-6.437,73.67,56,0,11.5
220,Saint George,US,2021-10-22 17:17:50,37.1041,-113.5841,75.67,40,1,0.0
221,Linxia,CN,2021-10-22 17:17:50,35.6003,103.2064,45.68,82,81,2.84
222,Mahanoro,MG,2021-10-22 17:17:51,-19.9,48.8,74.03,86,72,6.69
223,Port Hardy,CA,2021-10-22 17:15:12,50.6996,-127.4199,51.98,82,75,3.44
224,Trabzon,TR,2021-10-22 17:17:51,40.9167,39.8333,53.69,72,0,4.61
225,Bage,BR,2021-10-22 17:17:52,-31.3314,-54.1069,80.38,26,0,10.36
226,Benemerito De Las Americas,MX,2021-10-22 17:17:52,16.5167,-90.6439,82.9,74,97,2.55
227,Maldonado,UY,2021-10-22 17:17:53,-34.6667,-54.9167,74.59,50,25,4.07
228,Oxford,GB,2021-10-22 17:16:44,51.7522,-1.256,53.76,84,0,6.91
229,Myaundzha,RU,2021-10-22 17:17:53,63.0494,147.1858,0.0,98,100,2.68
230,Manaure,CO,2021-10-22 17:16:08,11.7751,-72.4445,90.07,54,33,19.69
231,Beringovskiy,RU,2021-10-22 17:17:54,63.05,179.3167,17.94,88,100,15.86
232,Waw,SS,2021-10-22 17:17:54,7.7029,27.9953,77.04,75,82,3.24
233,Lebu,CL,2021-10-22 17:17:55,-37.6167,-73.65,54.1,64,63,18.68
234,Yenagoa,NG,2021-10-22 17:17:55,4.9247,6.2642,74.26,96,100,3.38
235,Inirida,CO,2021-10-22 17:17:56,3.8653,-67.9239,86.68,59,98,0.98
236,Ballina,AU,2021-10-22 17:17:56,-28.8667,153.5667,65.95,98,23,6.11
237,Mikuni,JP,2021-10-22 17:17:57,36.2171,136.1519,55.31,66,97,19.15
238,Zhongxing,CN,2021-10-22 17:17:57,33.7039,118.6792,52.72,53,99,3.09
239,Ilulissat,GL,2021-10-22 17:17:58,69.2167,-51.1,23.02,68,75,3.44
240,Rawson,AR,2021-10-22 17:17:58,-43.3002,-65.1023,62.11,24,2,7.09
241,Beloha,MG,2021-10-22 17:17:59,-25.1667,45.05,66.7,73,38,12.71
242,Kijang,KR,2021-10-22 17:17:59,35.2442,129.2139,49.73,75,11,7.87
243,Etchoropo,MX,2021-10-22 17:17:59,26.7667,-109.6667,87.42,38,0,2.77
244,Hamirpur,IN,2021-10-22 17:18:00,25.95,80.15,77.23,55,0,6.13
245,Maarianhamina,AX,2021-10-22 17:18:00,60.0973,19.9348,40.86,87,20,9.22
246,Nicosia,CY,2021-10-22 17:15:57,35.1667,33.3667,71.69,64,20,5.75
247,Lerwick,GB,2021-10-22 17:18:01,60.1545,-1.1494,41.0,61,84,15.26
248,Katsuura,JP,2021-10-22 17:18:02,35.1333,140.3,54.19,83,100,19.01
249,Gawler,AU,2021-10-22 17:18:02,-34.6,138.7333,56.71,86,25,5.37
250,Dehu,IN,2021-10-22 17:18:03,18.7167,73.7667,71.28,65,7,5.28
251,Pitea,SE,2021-10-22 17:18:03,65.3172,21.4794,32.09,93,100,17.58
252,Mancio Lima,BR,2021-10-22 17:18:04,-7.6142,-72.8958,87.87,70,75,6.91
253,Jiangyou,CN,2021-10-22 17:18:04,31.7667,104.7167,54.81,88,100,0.85
254,Nalut,LY,2021-10-22 17:18:05,30.3333,10.85,81.52,23,57,9.17
255,Margate,GB,2021-10-22 17:16:16,51.3813,1.3862,55.69,73,100,1.01
256,Srednekolymsk,RU,2021-10-22 17:18:05,67.45,153.6833,-11.02,99,37,3.06
257,Tariba,VE,2021-10-22 17:18:06,7.8188,-72.2243,86.56,46,34,4.38
258,Isagarh,IN,2021-10-22 17:18:06,24.8333,77.8833,71.46,59,0,3.65
259,Buarcos,PT,2021-10-22 17:18:07,40.166,-8.8768,67.1,82,0,13.47
260,Pochutla,MX,2021-10-22 17:18:07,15.7432,-96.4661,85.05,68,94,4.92
261,San Luis,AR,2021-10-22 17:18:08,-33.295,-66.3356,71.85,40,50,14.36
262,Raudeberg,NO,2021-10-22 17:18:08,61.9875,5.1352,43.86,80,100,7.0
263,East London,ZA,2021-10-22 17:18:08,-33.0153,27.9116,63.54,72,0,9.22
264,Sorong,ID,2021-10-22 17:18:09,-0.8833,131.25,77.99,87,97,6.46
265,Jacqueville,CI,2021-10-22 17:18:10,5.2052,-4.4146,80.51,79,67,12.01
266,Tokmak,UA,2021-10-22 17:18:10,47.2514,35.7058,58.44,58,72,8.34
267,Surovikino,RU,2021-10-22 17:18:11,48.6078,42.8486,56.68,59,5,15.14
268,Beira,MZ,2021-10-22 17:18:11,-19.8436,34.8389,75.29,78,20,14.97
269,Luwuk,ID,2021-10-22 17:18:12,-0.9516,122.7875,77.79,84,96,2.42
270,Baillif,GP,2021-10-22 17:18:12,16.0202,-61.7463,87.3,64,18,13.65
271,Kyabe,TD,2021-10-22 17:18:13,9.4515,18.9449,80.51,69,47,3.09
272,Shevchenkove,UA,2021-10-22 17:18:13,49.6959,37.1735,55.18,55,45,7.54
273,Sarahan,IN,2021-10-22 17:18:13,31.5167,77.8,50.25,52,21,4.9
274,Mar Del Plata,AR,2021-10-22 17:16:06,-38.0023,-57.5575,58.08,90,90,1.01
275,Bella Vista,US,2021-10-22 17:18:14,36.4295,-94.2316,69.35,51,1,1.01
276,Pangai,TO,2021-10-22 17:18:15,-19.8,-174.35,75.31,57,40,13.8
277,Sapanta,RO,2021-10-22 17:18:15,47.9667,23.7,59.11,66,91,6.33
278,Flinders,AU,2021-10-22 17:18:16,-34.5833,150.8552,63.37,86,5,1.01
279,Shingu,JP,2021-10-22 17:18:16,33.7333,135.9833,52.75,83,2,7.09
280,Ponca City,US,2021-10-22 17:18:17,36.707,-97.0856,73.22,42,1,7.0
281,Rocha,UY,2021-10-22 17:18:17,-34.4833,-54.3333,75.06,46,6,4.65
282,Baoshan,CN,2021-10-22 17:18:18,46.5586,131.4244,35.31,68,6,6.8
283,Sembe,CG,2021-10-22 17:18:18,1.6481,14.5806,75.16,88,93,1.48
284,Bonavista,CA,2021-10-22 17:18:18,48.6499,-53.1147,55.4,64,26,6.93
285,Northam,GB,2021-10-22 17:18:19,51.0333,-4.2167,53.65,67,96,12.24
286,Plettenberg Bay,ZA,2021-10-22 17:18:19,-34.0527,23.3716,60.51,89,94,1.9
287,Kabo,CF,2021-10-22 17:18:20,7.6994,18.629,76.01,82,28,3.62
288,Chupaca,PE,2021-10-22 17:18:20,-12.0667,-75.2833,69.06,29,30,3.24
289,Codrington,AU,2021-10-22 17:18:20,-38.2667,141.9667,52.56,88,99,9.69
290,Nanortalik,GL,2021-10-22 17:18:21,60.1432,-45.2371,38.25,98,100,5.23
291,Saint-Augustin,CA,2021-10-22 17:18:22,51.226,-58.6502,46.96,44,59,5.59
292,Paamiut,GL,2021-10-22 17:18:22,61.994,-49.6678,35.67,73,100,18.72
293,North Platte,US,2021-10-22 17:18:23,41.1239,-100.7654,64.33,55,1,1.99
294,Yar-Sale,RU,2021-10-22 17:18:23,66.8333,70.8333,27.91,96,100,6.55
295,Praia Da Vitoria,PT,2021-10-22 17:18:24,38.7333,-27.0667,75.45,73,20,13.62
296,Isiro,CD,2021-10-22 17:18:24,2.7739,27.616,69.55,94,99,1.32
297,Izhma,RU,2021-10-22 17:18:24,65.0083,53.9113,34.86,98,100,4.5
298,Hoa Binh,VN,2021-10-22 17:18:25,20.8133,105.3383,66.09,74,100,1.9
299,Sinnamary,GF,2021-10-22 17:18:25,5.3833,-52.95,81.52,83,96,9.86
300,Banda Aceh,ID,2021-10-22 17:17:57,5.5577,95.3222,78.03,87,100,7.38
301,Suzun,RU,2021-10-22 17:18:26,53.7841,82.3116,37.63,56,36,11.5
302,Lasa,IT,2021-10-22 17:18:26,46.6166,10.7002,56.14,84,28,3.83
303,Balkhash,KZ,2021-10-22 17:18:27,46.844,74.9804,41.59,42,93,14.05
304,Gat,IL,2021-10-22 17:17:10,31.61,34.7642,74.08,100,15,10.29
305,Greeley,US,2021-10-22 17:15:39,40.4233,-104.7091,72.07,32,1,1.01
306,Ust-Kulom,RU,2021-10-22 17:18:28,61.6864,53.6902,46.09,92,100,11.56
307,Bengkulu,ID,2021-10-22 17:18:28,-3.8004,102.2655,76.12,90,100,4.14
308,Makat,KZ,2021-10-22 17:18:29,47.6469,53.3463,51.84,81,14,12.17
309,Quatre Cocos,MU,2021-10-22 17:18:29,-20.2078,57.7625,75.31,76,84,8.68
310,Seoul,KR,2021-10-22 17:15:13,37.5683,126.9778,49.44,44,0,1.21
311,College,US,2021-10-22 17:18:30,64.8569,-147.8028,28.58,86,75,0.0
312,Sakaiminato,JP,2021-10-22 17:18:30,35.55,133.2333,58.98,63,75,16.11
313,Aksu,CN,2021-10-22 17:18:31,41.1231,80.2644,55.45,44,100,3.47
314,Badvel,IN,2021-10-22 17:18:31,14.75,79.05,82.35,71,98,4.83
315,Kholmogory,RU,2021-10-22 17:18:31,64.2229,41.656,30.31,99,100,4.05
316,Port Blair,IN,2021-10-22 17:18:32,11.6667,92.75,81.05,81,100,2.24
317,Puerto Ayora,EC,2021-10-22 17:18:33,-0.7393,-90.3518,78.76,78,87,10.02
318,Zhangye,CN,2021-10-22 17:18:33,38.9342,100.4517,49.24,34,26,5.82
319,Saint-Pierre,RE,2021-10-22 17:18:34,-21.3393,55.4781,76.68,81,90,5.75
320,Doha,QA,2021-10-22 17:18:28,25.2867,51.5333,82.38,49,0,12.66
321,Victoria,HK,2021-10-22 17:18:34,22.2855,114.1577,68.32,77,99,4.0
322,Massaguet,TD,2021-10-22 17:18:35,12.4755,15.4365,95.58,25,21,7.52
323,Bima,ID,2021-10-22 17:18:35,-8.4667,118.7167,78.73,82,72,4.59
324,Laguna,US,2021-10-22 17:18:35,38.421,-121.4238,61.11,94,90,4.0
325,Inhambane,MZ,2021-10-22 17:18:36,-23.865,35.3833,73.38,68,40,19.57
326,Yurino,RU,2021-10-22 17:18:36,56.2942,46.3039,51.12,76,49,18.07
327,Kumluca,TR,2021-10-22 17:18:37,36.3703,30.2869,68.72,67,0,4.85
328,Maragogi,BR,2021-10-22 17:14:42,-9.0122,-35.2225,83.41,68,29,12.8
329,Mount Gambier,AU,2021-10-22 17:18:15,-37.8333,140.7667,48.97,93,92,4.14
330,Leshukonskoye,RU,2021-10-22 17:18:38,64.8989,45.7622,32.31,99,100,7.92
331,Dongzhen,CN,2021-10-22 17:18:38,22.3797,110.9389,60.17,81,100,6.04
332,Mogadishu,SO,2021-10-22 17:18:39,2.0371,45.3438,80.01,79,54,9.75
333,Sioux Lookout,CA,2021-10-22 17:18:39,50.1001,-91.917,39.27,81,75,4.61
334,Weyburn,CA,2021-10-22 17:16:18,49.6668,-103.8511,41.22,52,6,17.27
335,Zhuanghe,CN,2021-10-22 17:18:40,39.7008,122.9911,45.28,51,0,5.37
336,Karratha,AU,2021-10-22 17:18:40,-20.7377,116.8463,81.14,36,15,7.58
337,Bandarbeyla,SO,2021-10-22 17:18:40,9.4942,50.8122,78.96,75,9,9.69
338,Wilmington Island,US,2021-10-22 17:18:41,32.0036,-80.9737,83.03,63,1,9.22
339,Alofi,NU,2021-10-22 17:18:41,-19.0595,-169.9187,69.69,78,100,9.22
340,Dudinka,RU,2021-10-22 17:18:42,69.4058,86.1778,13.48,95,85,7.94
341,Geraldton,AU,2021-10-22 17:18:42,-28.7667,114.6,57.61,82,0,10.36
342,Amapa,BR,2021-10-22 17:18:43,1.0,-52.0,90.1,46,99,0.92
343,Tocopilla,CL,2021-10-22 17:18:43,-22.092,-70.1979,65.98,65,10,8.68
344,Conde,BR,2021-10-22 17:14:55,-7.2597,-34.9075,87.26,58,75,11.5
345,Marau,BR,2021-10-22 17:18:44,-28.4492,-52.2,80.55,44,0,4.9
346,Balakhta,RU,2021-10-22 17:18:44,55.38,91.6,38.3,88,100,10.0
347,Dole,FR,2021-10-22 17:18:45,47.0833,5.5,49.91,81,0,5.75
348,Haines Junction,CA,2021-10-22 17:18:45,60.7522,-137.5108,31.95,86,99,0.0
349,Soldato-Aleksandrovskoye,RU,2021-10-22 17:18:45,44.2653,43.7561,54.55,46,0,3.74
350,Aykhal,RU,2021-10-22 17:18:46,66.0,111.5,27.14,91,63,17.36
351,Huarmey,PE,2021-10-22 17:18:46,-10.0681,-78.1522,70.59,72,33,11.63
352,Kaeo,NZ,2021-10-22 17:18:47,-35.1,173.7833,59.32,97,100,19.6
353,Sola,VU,2021-10-22 17:18:47,-13.8833,167.55,79.99,78,89,6.58
354,Olafsvik,IS,2021-10-22 17:18:48,64.8945,-23.7142,41.67,93,100,23.47
355,Fortuna,US,2021-10-22 17:18:48,40.5982,-124.1573,58.98,75,40,1.01
356,Akyab,MM,2021-10-22 17:18:49,20.15,92.9,78.96,76,92,5.08
357,Teguise,ES,2021-10-22 17:18:49,29.0605,-13.564,73.62,53,20,18.41
358,Canutama,BR,2021-10-22 17:18:49,-6.5339,-64.3831,90.7,56,94,3.65
359,Dickinson,US,2021-10-22 17:18:50,29.4608,-95.0513,86.16,75,75,1.01
360,Tuatapere,NZ,2021-10-22 17:18:50,-46.1333,167.6833,48.06,78,99,3.6
361,Vysokogornyy,RU,2021-10-22 17:18:51,50.1167,139.15,17.2,99,91,2.59
362,Westport,US,2021-10-22 17:14:43,41.1415,-73.3579,72.09,59,20,1.01
363,Shatalovo,RU,2021-10-22 17:18:51,54.334,32.4465,44.22,68,60,16.24
364,Grand Forks,US,2021-10-22 17:15:52,47.9417,-97.4337,40.93,68,40,9.22
365,Brae,GB,2021-10-22 17:18:52,60.3964,-1.353,40.91,61,90,15.59
366,Qaqortoq,GL,2021-10-22 17:18:53,60.7167,-46.0333,36.1,97,100,9.35
367,Golden,US,2021-10-22 17:17:05,39.7555,-105.2211,70.65,22,20,1.99
368,Luoyang,CN,2021-10-22 17:17:36,34.6836,112.4536,51.94,66,89,4.85
369,Mayor Pablo Lagerenza,PY,2021-10-22 17:18:53,-19.9309,-60.7718,99.64,27,35,11.59
370,Demirci,TR,2021-10-22 17:18:54,39.0461,28.6589,55.38,50,0,2.39
371,Serpa,PT,2021-10-22 17:18:54,37.9458,-7.5975,73.36,32,0,11.32
372,Chuy,UY,2021-10-22 17:18:55,-33.6971,-53.4616,70.75,47,6,7.31
373,Egvekinot,RU,2021-10-22 17:18:55,66.3167,-179.1667,11.7,87,100,7.02
374,Mikhaylovka,RU,2021-10-22 17:18:56,50.06,43.2379,55.47,64,16,10.45
375,Guntakal,IN,2021-10-22 17:18:56,15.1667,77.3833,79.3,56,99,6.44
376,Romanovka,RU,2021-10-22 17:18:57,51.7443,42.7527,54.16,70,59,12.3
377,Atbasar,KZ,2021-10-22 17:18:57,51.8,68.3333,36.93,96,100,19.48
378,Balabac,PH,2021-10-22 17:18:58,7.9868,117.0645,81.0,80,100,8.25
379,Bijar,IR,2021-10-22 17:18:58,35.8668,47.6051,49.53,45,1,7.05
380,Atlantis,ZA,2021-10-22 17:18:59,-33.5667,18.4834,58.19,93,100,20.33
381,Ihosy,MG,2021-10-22 17:18:59,-22.4,46.1167,68.18,69,43,8.39
382,Kalach-Na-Donu,RU,2021-10-22 17:19:00,48.691,43.5264,56.05,58,5,14.41
383,Coquimbo,CL,2021-10-22 17:19:00,-29.9533,-71.3436,62.33,67,20,17.27
384,Balikpapan,ID,2021-10-22 17:19:01,-1.2675,116.8289,76.35,86,100,4.81
385,Sobolevo,RU,2021-10-22 17:19:01,54.4299,31.8996,43.75,70,47,15.17
386,Boddam,GB,2021-10-22 17:17:20,57.4667,-1.7833,43.12,62,58,10.96
387,Le Pradet,FR,2021-10-22 17:19:02,43.1066,6.0172,65.01,61,0,5.75
388,Vila Franca Do Campo,PT,2021-10-22 17:19:02,37.7167,-25.4333,72.01,63,9,5.19
389,Puerto Del Rosario,ES,2021-10-22 17:15:29,28.5004,-13.8627,76.68,64,75,11.5
390,Raymond,US,2021-10-22 17:19:04,43.9015,-70.4703,70.63,71,50,10.04
391,Katete,UG,2021-10-22 17:19:04,-0.7818,29.7544,62.89,98,100,3.76
392,Karaton,ID,2021-10-22 17:19:05,-6.3424,106.1045,78.96,89,97,1.3
393,Pucallpa,PE,2021-10-22 17:19:05,-8.3791,-74.5539,93.24,52,40,10.36
394,Marystown,CA,2021-10-22 17:19:05,47.1666,-55.1483,55.85,100,83,1.01
395,Kaitangata,NZ,2021-10-22 17:19:06,-46.2817,169.8464,44.83,95,100,2.44
396,Tomatlan,MX,2021-10-22 17:19:06,19.9333,-105.25,89.31,63,26,1.34
397,Domna,RU,2021-10-22 17:19:07,51.8971,113.1573,19.56,93,0,4.47
398,Balkanabat,TM,2021-10-22 17:19:07,39.5108,54.3671,58.89,25,0,12.53
399,Sorland,NO,2021-10-22 17:19:08,67.667,12.6934,40.86,49,100,15.08
400,Artyom,AZ,2021-10-22 17:19:08,40.4723,50.333,62.74,71,46,21.56
401,Arlit,NE,2021-10-22 17:19:09,18.7369,7.3853,94.03,11,8,2.62
402,Amambai,BR,2021-10-22 17:19:09,-23.1042,-55.2258,82.9,47,0,7.87
403,Faya,SA,2021-10-22 17:19:10,18.3851,42.4509,68.52,25,4,13.2
404,Panama City,PA,2021-10-22 17:19:10,8.9936,-79.5197,86.16,77,40,4.61
405,Lamu,KE,2021-10-22 17:19:10,-2.2717,40.902,79.02,77,58,11.92
406,Baruun-Urt,MN,2021-10-22 17:19:11,46.6806,113.2792,32.74,46,0,8.52
407,Roma,US,2021-10-22 17:19:12,43.2128,-75.4557,53.65,72,90,1.99
408,Rivne,UA,2021-10-22 17:19:12,50.6231,26.2274,46.83,46,40,10.4
409,Mayo,US,2021-10-22 17:19:12,38.8876,-76.5119,70.93,54,1,1.99
410,Tezu,IN,2021-10-22 17:19:13,27.9167,96.1667,69.4,89,15,3.18
411,Grand Gaube,MU,2021-10-22 17:19:13,-20.0064,57.6608,76.37,79,91,3.0
412,Liwale,TZ,2021-10-22 17:19:14,-9.7667,37.9333,78.85,52,50,3.47
413,Muriti,TZ,2021-10-22 17:19:14,-1.9833,32.9167,75.72,65,54,5.41
414,Vostok,RU,2021-10-22 17:19:15,46.4856,135.8833,23.72,89,37,3.47
415,Phibun Mangsahan,TH,2021-10-22 17:19:15,15.2447,105.2291,73.38,90,98,8.86
416,Boa Vista,BR,2021-10-22 17:19:16,2.8197,-60.6733,82.38,69,75,3.44
417,Zyryanka,RU,2021-10-22 17:19:17,65.75,150.85,-7.8,96,42,3.56
418,Koungou,YT,2021-10-22 17:19:17,-12.7336,45.2042,78.51,78,0,6.91
419,Salsk,RU,2021-10-22 17:19:18,46.4725,41.5428,55.24,53,0,7.96
420,Chumikan,RU,2021-10-22 17:19:18,54.7183,135.315,37.65,70,100,23.04
421,Shumskiy,RU,2021-10-22 17:19:18,54.8318,99.1328,37.65,60,34,3.02
422,Dandong,CN,2021-10-22 17:19:19,40.1292,124.3947,41.52,63,0,5.44
423,Aswan,EG,2021-10-22 17:15:00,24.0934,32.907,82.15,23,0,13.82
424,Zatoka,UA,2021-10-22 17:19:20,46.0725,30.4654,55.94,75,100,13.06
425,Kieta,PG,2021-10-22 17:19:20,-6.2167,155.6333,77.0,86,100,4.9
426,Lompoc,US,2021-10-22 17:19:21,34.6391,-120.4579,67.84,84,1,0.0
427,Saint-Denis,FR,2021-10-22 17:19:21,48.9167,2.3333,53.08,82,0,5.75
428,Nhulunbuy,AU,2021-10-22 17:19:22,-12.2333,136.7667,81.21,83,47,8.05
429,Shitanjing,CN,2021-10-22 17:19:22,39.2342,106.3439,42.98,61,34,9.15
430,Canberra,AU,2021-10-22 17:15:02,-35.2835,149.1281,53.28,93,8,0.0
431,Whyalla,AU,2021-10-22 17:19:23,-33.0333,137.5833,55.29,82,7,13.8
432,Pisco,PE,2021-10-22 17:19:23,-13.7,-76.2167,67.01,72,0,9.22
433,Tateyama,JP,2021-10-22 17:19:23,34.9833,139.8667,54.1,80,83,19.77
434,Veraval,IN,2021-10-22 17:18:33,20.9,70.3667,78.37,67,1,9.19
435,Marsh Harbour,BS,2021-10-22 17:19:24,26.5412,-77.0636,81.5,68,99,12.28
436,Krasnoselkup,RU,2021-10-22 17:19:25,65.7,82.4667,32.5,100,100,7.74
437,Kavaratti,IN,2021-10-22 17:19:25,10.5669,72.642,82.26,75,32,2.77
438,Lewiston,US,2021-10-22 17:19:26,44.1003,-70.2148,70.86,73,20,11.5
439,Kristianstad,SE,2021-10-22 17:19:26,56.0313,14.1524,46.78,89,20,10.36
440,Zhigansk,RU,2021-10-22 17:19:27,66.7697,123.3711,10.09,99,100,3.33
441,Nichinan,JP,2021-10-22 17:19:27,31.6,131.3667,56.71,70,95,8.08
442,Arvika,SE,2021-10-22 17:19:27,59.6553,12.5852,45.3,66,69,5.59
443,Pirgos,GR,2021-10-22 17:19:28,35.1167,25.7178,69.62,68,10,2.28
444,Usinsk,RU,2021-10-22 17:19:28,65.9939,57.5281,29.46,98,100,12.28
445,Ossora,RU,2021-10-22 17:19:29,59.2353,163.0719,19.11,71,100,4.7
446,Dhidhdhoo,MV,2021-10-22 17:19:29,6.8833,73.1,82.06,75,81,5.03
447,Te Anau,NZ,2021-10-22 17:19:30,-45.4167,167.7167,44.67,94,100,1.01
448,Deputatskiy,RU,2021-10-22 17:19:30,69.3,139.9,-11.43,100,95,1.1
449,Dovers,VC,2021-10-22 17:19:31,12.8833,-61.1833,85.59,72,6,21.81
450,Dukat,RU,2021-10-22 17:19:31,62.55,155.55,-9.65,81,84,0.29
451,Haizhou,CN,2021-10-22 17:19:32,34.5817,119.1289,53.06,61,100,6.2
452,Espanola,US,2021-10-22 17:19:32,35.9911,-106.0806,72.07,18,10,3.62
453,Amol,IR,2021-10-22 17:19:32,36.4696,52.3507,57.7,60,0,4.14
454,Noumea,NC,2021-10-22 17:16:58,-22.2763,166.4572,69.78,88,10,4.41
455,Lipin Bor,RU,2021-10-22 17:19:33,60.2622,37.9763,42.98,72,97,20.56
456,Dingle,PH,2021-10-22 17:19:34,10.9995,122.6711,74.75,94,100,5.08
457,Sogne,NO,2021-10-22 17:19:34,58.0833,7.8167,46.69,62,26,27.25
458,Kirensk,RU,2021-10-22 17:19:34,57.7853,108.1119,33.08,86,67,5.06
459,Cayenne,GF,2021-10-22 17:19:35,4.9333,-52.3333,87.84,78,75,5.01
460,Pauini,BR,2021-10-22 17:19:35,-7.7136,-66.9764,96.44,39,98,3.65
461,Ivanava,BY,2021-10-22 17:19:36,52.1451,25.5365,48.69,48,81,16.24
462,Port Moresby,PG,2021-10-22 17:19:36,-9.4431,147.1797,75.54,86,85,3.42
463,Cockburn Town,TC,2021-10-22 17:19:37,21.4612,-71.1419,84.16,74,40,11.5
464,Iquique,CL,2021-10-22 17:16:08,-20.2208,-70.1431,62.64,64,1,7.63
465,Elizabeth City,US,2021-10-22 17:18:07,36.2946,-76.2511,80.02,70,47,8.01
466,Arman,RU,2021-10-22 17:19:38,59.7,150.1667,19.74,64,100,8.84
467,Galliate,IT,2021-10-22 17:19:38,45.4816,8.6967,63.77,75,0,2.3
468,Domoni,KM,2021-10-22 17:19:39,-12.2569,44.5319,76.12,80,67,4.32
469,Ambad,IN,2021-10-22 17:19:39,19.6167,75.8,70.81,64,2,7.72
470,Vung Tau,VN,2021-10-22 17:15:19,10.346,107.0843,81.46,79,54,12.19
471,Grindavik,IS,2021-10-22 17:19:40,63.8424,-22.4338,43.27,93,90,24.16
472,Juneau,US,2021-10-22 17:19:41,58.3019,-134.4197,45.1,97,90,3.44
473,Rabo De Peixe,PT,2021-10-22 17:19:41,37.8,-25.5833,71.11,68,40,10.36
474,Kaputa,ZM,2021-10-22 17:19:41,-8.4689,29.6619,80.62,57,100,4.41
475,Muroto,JP,2021-10-22 17:19:42,33.2833,134.15,61.54,69,9,23.17
476,Visnes,NO,2021-10-22 17:19:42,59.3556,5.2242,47.57,71,40,29.93
477,Sao Felix Do Xingu,BR,2021-10-22 17:19:43,-6.6447,-51.995,85.98,58,100,4.63
478,Dicabisagan,PH,2021-10-22 17:19:43,17.0818,122.4157,76.77,90,69,5.35
479,Katobu,ID,2021-10-22 17:19:44,-4.9408,122.5276,76.12,91,64,1.25
480,Itaituba,BR,2021-10-22 17:19:44,-4.2761,-55.9836,86.16,74,75,6.91
481,Mandawar,IN,2021-10-22 17:19:45,29.5,78.1333,70.79,58,0,3.62
482,Sangar,RU,2021-10-22 17:19:45,63.9242,127.4739,13.05,97,100,5.08
483,Burnie,AU,2021-10-22 17:19:45,-41.0667,145.9167,56.95,93,100,2.35
484,Narrabri,AU,2021-10-22 17:19:46,-30.3167,149.7833,61.52,73,0,1.01
485,Turayf,SA,2021-10-22 17:19:46,31.6725,38.6637,71.85,37,0,11.5
486,Khunzakh,RU,2021-10-22 17:19:47,42.5394,46.705,48.45,46,0,4.5
487,Guaymas,MX,2021-10-22 17:19:47,27.9333,-110.9,90.32,40,1,0.0
488,Quesnel,CA,2021-10-22 17:15:18,52.9999,-122.5029,52.3,66,40,5.75
489,Pokhara,NP,2021-10-22 17:16:56,28.2333,83.9833,64.38,93,44,1.92
490,Hervey Bay,AU,2021-10-22 17:19:48,-25.2986,152.8535,76.03,87,26,14.18
491,Timra,SE,2021-10-22 17:19:49,62.487,17.3257,33.67,76,75,11.5
492,Wangqing,CN,2021-10-22 17:19:49,43.3218,129.7634,32.65,71,0,1.05
493,Constitucion,CL,2021-10-22 17:19:50,-35.3333,-72.4167,58.5,55,0,17.02
494,Danilovka,RU,2021-10-22 17:19:50,50.3557,44.1168,56.66,60,17,11.99
495,Dubti,ET,2021-10-22 17:19:51,11.7361,41.0853,96.19,20,61,9.46
496,Faanui,PF,2021-10-22 17:19:51,-16.4833,-151.75,78.21,77,19,8.79
497,Elat,IL,2021-10-22 17:19:51,29.5581,34.9482,80.44,50,0,11.5
498,Eloy,US,2021-10-22 17:19:48,32.7559,-111.5548,84.36,21,25,0.45
499,Carroll,US,2021-10-22 17:19:52,39.5501,-77.0164,67.91,59,1,1.99
500,Dutlwe,BW,2021-10-22 17:19:52,-23.9833,23.9,81.07,16,0,7.4
501,Tres Coracoes,BR,2021-10-22 17:19:53,-21.6969,-45.2533,78.22,42,2,6.06
502,Moron,AR,2021-10-22 17:16:58,-34.6534,-58.6198,81.0,51,81,5.99
503,Portadown,GB,2021-10-22 17:19:54,54.4241,-6.4412,53.42,81,77,6.96
504,Erenhot,CN,2021-10-22 17:19:54,43.6475,111.9767,38.32,43,0,7.78
505,Tsumeb,NA,2021-10-22 17:19:54,-19.2333,17.7167,81.95,21,4,11.3
506,Kudahuvadhoo,MV,2021-10-22 17:19:55,2.6708,72.8944,82.74,69,21,8.86
507,Nouadhibou,MR,2021-10-22 17:19:55,20.931,-17.0347,75.18,69,5,18.41
508,Rawlins,US,2021-10-22 17:19:56,41.7911,-107.2387,57.33,35,1,17.27
509,Martapura,ID,2021-10-22 17:19:56,-3.4167,114.85,78.89,94,90,3.44
510,Pascagoula,US,2021-10-22 17:19:57,30.3658,-88.5561,86.05,70,20,3.44
511,Odessa,UA,2021-10-22 17:19:57,46.4775,30.7326,55.33,88,0,2.24
512,Guerrero Negro,MX,2021-10-22 17:19:58,27.9769,-114.0611,72.48,65,43,10.36
513,Staryy Nadym,RU,2021-10-22 17:19:58,65.6118,72.6842,29.3,95,100,4.29
514,Goderich,CA,2021-10-22 17:19:58,43.7501,-81.7165,46.9,70,100,8.05
515,Guilin,CN,2021-10-22 17:19:59,25.2819,110.2864,55.51,84,100,6.85
516,Saurimo,AO,2021-10-22 17:19:59,-9.6608,20.3916,72.75,72,78,3.24
517,Iskateley,RU,2021-10-22 17:20:00,67.6803,53.1512,27.63,98,99,7.16
518,Pandan,PH,2021-10-22 17:20:00,14.0453,124.1694,79.57,87,100,7.29
519,Vao,NC,2021-10-22 17:20:01,-22.6667,167.4833,72.21,80,0,5.95
520,Cabedelo,BR,2021-10-22 17:20:02,-6.9811,-34.8339,88.47,65,99,10.4
521,Gananoque,CA,2021-10-22 17:20:02,44.3334,-76.1661,46.47,81,74,5.53
522,Harper,LR,2021-10-22 17:20:03,4.375,-7.7169,78.57,86,71,9.89
523,Riyadh,SA,2021-10-22 17:18:54,24.6877,46.7219,80.74,24,0,9.98
524,Marfino,RU,2021-10-22 17:20:04,55.7028,37.3822,47.08,62,0,15.66
525,Asyut,EG,2021-10-22 17:15:58,27.181,31.1837,75.72,38,5,10.38
526,Cascais,PT,2021-10-22 17:20:06,38.6979,-9.4215,68.61,52,0,8.99
527,Rybnaya Sloboda,RU,2021-10-22 17:20:06,55.4613,50.1409,51.78,77,100,20.2
528,Businga,CD,2021-10-22 17:20:07,3.3333,20.8833,76.44,78,93,1.57
529,Pontian Kecil,MY,2021-10-22 17:20:07,1.4801,103.3899,78.93,84,89,2.77
530,Vargem Alta,BR,2021-10-22 17:20:08,-20.6714,-41.0069,67.15,85,97,3.2
531,Manati,PR,2021-10-22 17:20:08,18.4275,-66.4921,89.89,65,17,13.15
532,Cairns,AU,2021-10-22 17:20:08,-16.9167,145.7667,78.75,89,75,0.0
533,Koutsouras,GR,2021-10-22 17:20:09,35.0339,25.9469,70.11,68,3,3.38
534,Hambantota,LK,2021-10-22 17:20:09,6.1241,81.1185,79.99,83,35,10.98
535,Consett,GB,2021-10-22 17:16:11,54.854,-1.8316,47.01,84,98,1.77
536,Necochea,AR,2021-10-22 17:20:10,-38.5473,-58.7368,59.04,73,100,7.47
537,Toora-Khem,RU,2021-10-22 17:20:11,52.4675,96.11,30.13,55,22,1.43
538,Robertsport,LR,2021-10-22 17:20:11,6.7533,-11.3686,80.22,81,96,11.74
539,Zaragoza,ES,2021-10-22 17:17:23,41.6561,-0.8773,68.14,59,0,13.0
540,Rafraf,TN,2021-10-22 17:20:12,37.1904,10.1837,73.71,66,43,13.51
541,Daru,PG,2021-10-22 17:20:12,-9.0763,143.2092,78.55,82,88,10.16
542,Muravlenko,RU,2021-10-22 17:20:13,63.7898,74.523,29.48,88,100,14.34
543,Krasnokamensk,RU,2021-10-22 17:20:13,50.0979,118.0369,26.31,85,2,3.0
544,San Andres,CO,2021-10-22 17:20:14,12.5847,-81.7006,87.82,74,40,11.5
545,Alice Springs,AU,2021-10-22 17:20:14,-23.7,133.8833,78.35,21,0,8.05
546,Port Lincoln,AU,2021-10-22 17:20:14,-34.7333,135.8667,54.55,77,3,13.27
547,Viedma,AR,2021-10-22 17:20:15,-40.8135,-62.9967,65.97,25,31,12.46
548,Oistins,BB,2021-10-22 17:20:16,13.0667,-59.5333,86.09,66,40,26.46
549,Khor,RU,2021-10-22 17:20:16,47.8861,134.9464,30.58,78,2,6.82
550,Port Macquarie,AU,2021-10-22 17:20:16,-31.4333,152.9167,59.9,100,11,0.0
551,Zhuhai,CN,2021-10-22 17:20:17,22.2769,113.5678,68.05,73,40,19.57
552,Sangmelima,CM,2021-10-22 17:20:17,2.9333,11.9833,69.76,96,98,2.06
553,Chorozinho,BR,2021-10-22 17:20:18,-4.3003,-38.4978,88.81,42,75,9.17
554,Wajir,KE,2021-10-22 17:20:18,1.7471,40.0573,88.23,39,83,15.75
555,Nuevitas,CU,2021-10-22 17:20:19,21.5453,-77.2644,89.04,61,39,5.44
556,Orsha,BY,2021-10-22 17:20:19,54.5153,30.4053,44.82,67,48,16.15
557,Biltine,TD,2021-10-22 17:20:19,14.5333,20.9167,91.06,17,93,11.77
558,Buluang,PH,2021-10-22 17:20:20,13.3068,123.3425,75.87,92,97,2.53
559,Mankono,CI,2021-10-22 17:20:20,8.0586,-6.1897,83.71,69,76,4.68
560,Tiarei,PF,2021-10-22 17:20:21,-17.5333,-149.3333,77.02,84,43,17.76
561,Pundaguitan,PH,2021-10-22 17:20:21,6.3711,126.1689,81.91,72,95,2.44
562,Labuhan,ID,2021-10-22 17:20:22,-6.8844,112.2051,81.19,77,78,2.93
563,Gubkinskiy,RU,2021-10-22 17:20:22,64.434,76.5026,32.16,98,100,9.01
564,Atambua,ID,2021-10-22 17:20:23,-9.1061,124.8925,75.87,89,79,2.71
565,Tilichiki,RU,2021-10-22 17:20:23,60.4667,166.1,0.59,95,43,6.89
566,Pafos,CY,2021-10-22 17:20:24,34.7667,32.4167,75.11,64,20,6.91
567,Villafranca De Los Barros,ES,2021-10-22 17:20:24,38.5614,-6.3381,70.52,42,0,10.07
568,Najran,SA,2021-10-22 17:20:25,17.4924,44.1277,79.45,25,15,8.93
569,San Patricio,US,2021-10-22 17:20:25,28.017,-97.5169,86.05,57,89,4.63
570,Pine Bluff,US,2021-10-22 17:15:54,34.2284,-92.0032,69.87,47,1,5.99
